<?xml version="1.0" encoding="UTF-8"?>
<!-- Generated by eXe - http://exelearning.net -->
<manifest identifier="eXegenti_test5c40b78024656a131d1" 
xmlns:xsi="http://www.w3.org/2001/XMLSchema-instance" 
xmlns:adlcp="http://www.adlnet.org/xsd/adlcp_v1p3" 
xmlns:adlseq="http://www.adlnet.org/xsd/adlseq_v1p3" 
xmlns:adlnav="http://www.adlnet.org/xsd/adlnav_v1p3" 
xmlns:imsss="http://www.imsglobal.org/xsd/imsss" 
xmlns:lom="http://ltsc.ieee.org/xsd/LOM" 
xmlns:lomes="http://ltsc.ieee.org/xsd/LOM" 
xmlns="http://www.imsglobal.org/xsd/imscp_v1p1" 
xsi:schemaLocation="http://www.imsglobal.org/xsd/imscp_v1p1 imscp_v1p1.xsd http://ltsc.ieee.org/xsd/LOM lomCustom.xsd http://www.adlnet.org/xsd/adlcp_v1p3 adlcp_v1p3.xsd  http://www.imsglobal.org/xsd/imsss imsss_v1p0.xsd  http://www.adlnet.org/xsd/adlseq_v1p3 adlseq_v1p3.xsd http://www.adlnet.org/xsd/adlnav_v1p3 adlnav_v1p3.xsd"> 
<metadata> 
 <schema>ADL SCORM</schema> 
 <schemaversion>2004 3rd Edition</schemaversion> 
 <adlcp:location>imslrm.xml</adlcp:location> 
</metadata> 
<organizations default="eXegenti_test5c40b78024656a131d2">  
    <organization identifier="eXegenti_test5c40b78024656a131d2" structure="hierarchical">
        <title>Smart Working VeLA - Corso per Dirigenti</title>
<item identifier="ITEM-eXegenti_test5c40b78024656a131d3" isvisible="true">
    <title>[VeLA] Lavoro Agile e cambiamento organizzativo - Corso per dirigenti</title>
<item identifier="ITEM-eXegenti_test5c40b78024656a131d4" isvisible="true" identifierref="RES-eXegenti_test5c40b78024656a131d5">
    <title>&lt;-</title>
</item>
<item identifier="ITEM-eXegenti_test5c40b78024656a131d6" isvisible="true">
    <title>Modulo 1 | Cos'è lo smart working e com'è interpretato dalle pubbliche amministrazioni</title>
<item identifier="ITEM-eXegenti_test5c40b78024656a131d7" isvisible="true" identifierref="RES-eXegenti_test5c40b78024656a131d8">
    <title>&lt;-</title>
</item>
<item identifier="ITEM-eXegenti_test5c40b78024656a131d9" isvisible="true">
    <title>Lezione 1 | Il lavoro agile nella pubblica amministrazione: contesto di riferimento nel settore pubblico italiano e principali iniziative a livello nazionale ed europeo</title>
<item identifier="ITEM-eXegenti_test5c40b78024656a131da" isvisible="true" identifierref="RES-eXegenti_test5c40b78024656a131db">
    <title>&lt;-</title>
</item>
<item identifier="ITEM-eXegenti_test5c40b78024656a131dc" isvisible="true">
    <title>Videolezione 1 - Il lavoro agile nella Pubblica Amministrazione (parte 1)</title>
<item identifier="ITEM-eXegenti_test5c40b78024656a131dd" isvisible="true" identifierref="RES-eXegenti_test5c40b78024656a131de">
    <title>&lt;-</title>
</item>
<item identifier="ITEM-eXegenti_test5c40b78024656a131df" isvisible="true" identifierref="RES-eXegenti_test5c40b78024656a131d10">
    <title>Test</title>
</item>
  <imsss:sequencing>
    <imsss:controlMode choice="true" choiceExit="true" flow="true" forwardOnly="false"/>
  </imsss:sequencing></item>
<item identifier="ITEM-eXegenti_test5c40b78024656a131e11" isvisible="true">
    <title>Videolezione 1 - Il lavoro agile nella Pubblica Amministrazione (parte 2)</title>
<item identifier="ITEM-eXegenti_test5c40b78024656a131e12" isvisible="true" identifierref="RES-eXegenti_test5c40b78024656a131e13">
    <title>&lt;-</title>
</item>
<item identifier="ITEM-eXegenti_test5c40b78024656a131e14" isvisible="true" identifierref="RES-eXegenti_test5c40b78024656a131e15">
    <title>Test</title>
</item>
  <imsss:sequencing>
    <imsss:controlMode choice="true" choiceExit="true" flow="true" forwardOnly="false"/>
  </imsss:sequencing></item>
<item identifier="ITEM-eXegenti_test5c40b78024656a131f16" isvisible="true">
    <title>Videolezione 1 - Il lavoro agile nella Pubblica Amministrazione (parte 3)</title>
<item identifier="ITEM-eXegenti_test5c40b78024656a131f17" isvisible="true" identifierref="RES-eXegenti_test5c40b78024656a131f18">
    <title>&lt;-</title>
</item>
<item identifier="ITEM-eXegenti_test5c40b78024656a131f19" isvisible="true" identifierref="RES-eXegenti_test5c40b78024656a131f1a">
    <title>Test</title>
</item>
  <imsss:sequencing>
    <imsss:controlMode choice="true" choiceExit="true" flow="true" forwardOnly="false"/>
  </imsss:sequencing></item>
  <imsss:sequencing>
    <imsss:controlMode choice="true" choiceExit="true" flow="true" forwardOnly="false"/>
  </imsss:sequencing></item>
<item identifier="ITEM-eXegenti_test5c40b78024656a131f1b" isvisible="true">
    <title>Lezione 2 | Legge 81/2017, Direttiva n°3 2017: il contesto normativo che disciplina lo Smart Working</title>
<item identifier="ITEM-eXegenti_test5c40b78024656a131f1c" isvisible="true" identifierref="RES-eXegenti_test5c40b78024656a131f1d">
    <title>&lt;-</title>
</item>
<item identifier="ITEM-eXegenti_test5c40b78024656a131f1e" isvisible="true">
    <title>Videolezione 2 - Legge 81/2017, Direttiva n°3 2017 (parte 1)</title>
<item identifier="ITEM-eXegenti_test5c40b78024656a131f1f" isvisible="true" identifierref="RES-eXegenti_test5c40b78024656a131f20">
    <title>&lt;-</title>
</item>
<item identifier="ITEM-eXegenti_test5c40b78024656a131f21" isvisible="true" identifierref="RES-eXegenti_test5c40b78024656a131f22">
    <title>Test</title>
</item>
  <imsss:sequencing>
    <imsss:controlMode choice="true" choiceExit="true" flow="true" forwardOnly="false"/>
  </imsss:sequencing></item>
<item identifier="ITEM-eXegenti_test5c40b78024656a132023" isvisible="true">
    <title>Videolezione 2 - Legge 81/2017, Direttiva n°3 2017 (parte 2)</title>
<item identifier="ITEM-eXegenti_test5c40b78024656a132024" isvisible="true" identifierref="RES-eXegenti_test5c40b78024656a132025">
    <title>&lt;-</title>
</item>
<item identifier="ITEM-eXegenti_test5c40b78024656a132026" isvisible="true" identifierref="RES-eXegenti_test5c40b78024656a132027">
    <title>Test</title>
</item>
  <imsss:sequencing>
    <imsss:controlMode choice="true" choiceExit="true" flow="true" forwardOnly="false"/>
  </imsss:sequencing></item>
  <imsss:sequencing>
    <imsss:controlMode choice="true" choiceExit="true" flow="true" forwardOnly="false"/>
  </imsss:sequencing></item>
  <imsss:sequencing>
    <imsss:controlMode choice="true" choiceExit="true" flow="true" forwardOnly="false"/>
  </imsss:sequencing></item>
<item identifier="ITEM-eXegenti_test5c40b78024656a132128" isvisible="true">
    <title>Modulo 2 | I benefici del lavoro agile a livello individuale, per le pubbliche amministrazioni e dal punto di vista collettivo</title>
<item identifier="ITEM-eXegenti_test5c40b78024656a132129" isvisible="true" identifierref="RES-eXegenti_test5c40b78024656a13212a">
    <title>&lt;-</title>
</item>
<item identifier="ITEM-eXegenti_test5c40b78024656a13212b" isvisible="true">
    <title>Lezione 1 | I benefici dello Smart Working per le organizzazioni e le PA: impatto su processi e nuovi modelli di servizio al cittadino</title>
<item identifier="ITEM-eXegenti_test5c40b78024656a13212c" isvisible="true" identifierref="RES-eXegenti_test5c40b78024656a13212d">
    <title>&lt;-</title>
</item>
<item identifier="ITEM-eXegenti_test5c40b78024656a13212e" isvisible="true">
    <title>Videolezione 1 - I benefici dello Smart Working per le organizzazioni e le PA (parte 1)</title>
<item identifier="ITEM-eXegenti_test5c40b78024656a13212f" isvisible="true" identifierref="RES-eXegenti_test5c40b78024656a132130">
    <title>&lt;-</title>
</item>
<item identifier="ITEM-eXegenti_test5c40b78024656a132131" isvisible="true" identifierref="RES-eXegenti_test5c40b78024656a132132">
    <title>Test</title>
</item>
  <imsss:sequencing>
    <imsss:controlMode choice="true" choiceExit="true" flow="true" forwardOnly="false"/>
  </imsss:sequencing></item>
<item identifier="ITEM-eXegenti_test5c40b78024656a132233" isvisible="true">
    <title>Videolezione 1 - I benefici dello Smart Working per le organizzazioni e le PA (parte 2)</title>
<item identifier="ITEM-eXegenti_test5c40b78024656a132234" isvisible="true" identifierref="RES-eXegenti_test5c40b78024656a132235">
    <title>&lt;-</title>
</item>
<item identifier="ITEM-eXegenti_test5c40b78024656a132236" isvisible="true" identifierref="RES-eXegenti_test5c40b78024656a132237">
    <title>Test</title>
</item>
  <imsss:sequencing>
    <imsss:controlMode choice="true" choiceExit="true" flow="true" forwardOnly="false"/>
  </imsss:sequencing></item>
  <imsss:sequencing>
    <imsss:controlMode choice="true" choiceExit="true" flow="true" forwardOnly="false"/>
  </imsss:sequencing></item>
<item identifier="ITEM-eXegenti_test5c40b78024656a132338" isvisible="true">
    <title>Lezione 2 | I benefici dello Smart Working per il benessere delle persone, la collettività e l'organizzazione delle città</title>
<item identifier="ITEM-eXegenti_test5c40b78024656a132339" isvisible="true" identifierref="RES-eXegenti_test5c40b78024656a13233a">
    <title>&lt;-</title>
</item>
<item identifier="ITEM-eXegenti_test5c40b78024656a13233b" isvisible="true">
    <title>Videolezione 2 - I benefici dello Smart Working per il benessere delle persone, la collettività e l'organizzazione delle città</title>
<item identifier="ITEM-eXegenti_test5c40b78024656a13233c" isvisible="true" identifierref="RES-eXegenti_test5c40b78024656a13233d">
    <title>&lt;-</title>
</item>
<item identifier="ITEM-eXegenti_test5c40b78024656a13233e" isvisible="true" identifierref="RES-eXegenti_test5c40b78024656a13233f">
    <title>Test</title>
</item>
  <imsss:sequencing>
    <imsss:controlMode choice="true" choiceExit="true" flow="true" forwardOnly="false"/>
  </imsss:sequencing></item>
  <imsss:sequencing>
    <imsss:controlMode choice="true" choiceExit="true" flow="true" forwardOnly="false"/>
  </imsss:sequencing></item>
  <imsss:sequencing>
    <imsss:controlMode choice="true" choiceExit="true" flow="true" forwardOnly="false"/>
  </imsss:sequencing></item>
<item identifier="ITEM-eXegenti_test5c40b78024656a132340" isvisible="true">
    <title>Modulo 3 | Le dinamiche all'interno delle organizzazioni orientate ai risultati</title>
<item identifier="ITEM-eXegenti_test5c40b78024656a132341" isvisible="true" identifierref="RES-eXegenti_test5c40b78024656a132342">
    <title>&lt;-</title>
</item>
<item identifier="ITEM-eXegenti_test5c40b78024656a132343" isvisible="true">
    <title>Lezione 1 | Gestione per obiettivi e valutazione della performance: come cambia il ruolo del capo nello Smart Working</title>
<item identifier="ITEM-eXegenti_test5c40b78024656a132344" isvisible="true" identifierref="RES-eXegenti_test5c40b78024656a132345">
    <title>&lt;-</title>
</item>
<item identifier="ITEM-eXegenti_test5c40b78024656a132346" isvisible="true">
    <title>Videolezione 1 - Gestione per obiettivi e valutazione della performance (parte 1)</title>
<item identifier="ITEM-eXegenti_test5c40b78024656a132347" isvisible="true" identifierref="RES-eXegenti_test5c40b78024656a132348">
    <title>&lt;-</title>
</item>
<item identifier="ITEM-eXegenti_test5c40b78024656a132349" isvisible="true" identifierref="RES-eXegenti_test5c40b78024656a13234a">
    <title>Test</title>
</item>
  <imsss:sequencing>
    <imsss:controlMode choice="true" choiceExit="true" flow="true" forwardOnly="false"/>
  </imsss:sequencing></item>
<item identifier="ITEM-eXegenti_test5c40b78024656a13244b" isvisible="true">
    <title>Videolezione 1 - Gestione per obiettivi e valutazione della performance (parte 2)</title>
<item identifier="ITEM-eXegenti_test5c40b78024656a13244c" isvisible="true" identifierref="RES-eXegenti_test5c40b78024656a13244d">
    <title>&lt;-</title>
</item>
<item identifier="ITEM-eXegenti_test5c40b78024656a13244e" isvisible="true" identifierref="RES-eXegenti_test5c40b78024656a13244f">
    <title>Test</title>
</item>
  <imsss:sequencing>
    <imsss:controlMode choice="true" choiceExit="true" flow="true" forwardOnly="false"/>
  </imsss:sequencing></item>
  <imsss:sequencing>
    <imsss:controlMode choice="true" choiceExit="true" flow="true" forwardOnly="false"/>
  </imsss:sequencing></item>
<item identifier="ITEM-eXegenti_test5c40b78024656a132550" isvisible="true">
    <title>Lezione 2 | Come valutare l’impatto dello Smart Working su processi e attività</title>
<item identifier="ITEM-eXegenti_test5c40b78024656a132551" isvisible="true" identifierref="RES-eXegenti_test5c40b78024656a132552">
    <title>&lt;-</title>
</item>
<item identifier="ITEM-eXegenti_test5c40b78024656a132553" isvisible="true">
    <title>Videolezione 2 - Come valutare l’impatto dello Smart Working su processi e attività (parte 1)</title>
<item identifier="ITEM-eXegenti_test5c40b78024656a132554" isvisible="true" identifierref="RES-eXegenti_test5c40b78024656a132555">
    <title>&lt;-</title>
</item>
<item identifier="ITEM-eXegenti_test5c40b78024656a132556" isvisible="true" identifierref="RES-eXegenti_test5c40b78024656a132557">
    <title>Test</title>
</item>
  <imsss:sequencing>
    <imsss:controlMode choice="true" choiceExit="true" flow="true" forwardOnly="false"/>
  </imsss:sequencing></item>
<item identifier="ITEM-eXegenti_test5c40b78024656a132658" isvisible="true">
    <title>Videolezione 2 - Come valutare l’impatto dello Smart Working su processi e attività (parte 2)</title>
<item identifier="ITEM-eXegenti_test5c40b78024656a132659" isvisible="true" identifierref="RES-eXegenti_test5c40b78024656a13265a">
    <title>&lt;-</title>
</item>
<item identifier="ITEM-eXegenti_test5c40b78024656a13265b" isvisible="true" identifierref="RES-eXegenti_test5c40b78024656a13265c">
    <title>Test</title>
</item>
  <imsss:sequencing>
    <imsss:controlMode choice="true" choiceExit="true" flow="true" forwardOnly="false"/>
  </imsss:sequencing></item>
  <imsss:sequencing>
    <imsss:controlMode choice="true" choiceExit="true" flow="true" forwardOnly="false"/>
  </imsss:sequencing></item>
  <imsss:sequencing>
    <imsss:controlMode choice="true" choiceExit="true" flow="true" forwardOnly="false"/>
  </imsss:sequencing></item>
<item identifier="ITEM-eXegenti_test5c40b78024656a13275d" isvisible="true">
    <title>Modulo 4 | Smart Working ed evoluzione dei modelli di leadership</title>
<item identifier="ITEM-eXegenti_test5c40b78024656a13275e" isvisible="true" identifierref="RES-eXegenti_test5c40b78024656a13275f">
    <title>&lt;-</title>
</item>
<item identifier="ITEM-eXegenti_test5c40b78024656a132760" isvisible="true">
    <title>Lezione 1 | Il ruolo del Dirigente per supportare l’introduzione dello Smart Working</title>
<item identifier="ITEM-eXegenti_test5c40b78024656a132761" isvisible="true" identifierref="RES-eXegenti_test5c40b78024656a132762">
    <title>&lt;-</title>
</item>
<item identifier="ITEM-eXegenti_test5c40b78024656a132763" isvisible="true">
    <title>Videolezione 1 - Il ruolo del Dirigente per supportare l’introduzione dello Smart Working</title>
<item identifier="ITEM-eXegenti_test5c40b78024656a132764" isvisible="true" identifierref="RES-eXegenti_test5c40b78024656a132765">
    <title>&lt;-</title>
</item>
<item identifier="ITEM-eXegenti_test5c40b78024656a132766" isvisible="true" identifierref="RES-eXegenti_test5c40b78024656a132767">
    <title>Test</title>
</item>
  <imsss:sequencing>
    <imsss:controlMode choice="true" choiceExit="true" flow="true" forwardOnly="false"/>
  </imsss:sequencing></item>
  <imsss:sequencing>
    <imsss:controlMode choice="true" choiceExit="true" flow="true" forwardOnly="false"/>
  </imsss:sequencing></item>
<item identifier="ITEM-eXegenti_test5c40b78024656a132868" isvisible="true">
    <title>Lezione 2 | L’impatto dello Smart Working sull’evoluzione dei modelli culturali e organizzativi</title>
<item identifier="ITEM-eXegenti_test5c40b78024656a132869" isvisible="true" identifierref="RES-eXegenti_test5c40b78024656a13286a">
    <title>&lt;-</title>
</item>
<item identifier="ITEM-eXegenti_test5c40b78024656a13286b" isvisible="true">
    <title>Videolezione 2 - L’impatto dello Smart Working sull’evoluzione dei modelli culturali e organizzativi (parte 1)</title>
<item identifier="ITEM-eXegenti_test5c40b78024656a13286c" isvisible="true" identifierref="RES-eXegenti_test5c40b78024656a13286d">
    <title>&lt;-</title>
</item>
<item identifier="ITEM-eXegenti_test5c40b78024656a13286e" isvisible="true" identifierref="RES-eXegenti_test5c40b78024656a13286f">
    <title>Test</title>
</item>
  <imsss:sequencing>
    <imsss:controlMode choice="true" choiceExit="true" flow="true" forwardOnly="false"/>
  </imsss:sequencing></item>
<item identifier="ITEM-eXegenti_test5c40b78024656a132870" isvisible="true">
    <title>Videolezione 2 - L’impatto dello Smart Working sull’evoluzione dei modelli culturali e organizzativi (parte 2)</title>
<item identifier="ITEM-eXegenti_test5c40b78024656a132871" isvisible="true" identifierref="RES-eXegenti_test5c40b78024656a132872">
    <title>&lt;-</title>
</item>
<item identifier="ITEM-eXegenti_test5c40b78024656a132973" isvisible="true" identifierref="RES-eXegenti_test5c40b78024656a132974">
    <title>Test</title>
</item>
  <imsss:sequencing>
    <imsss:controlMode choice="true" choiceExit="true" flow="true" forwardOnly="false"/>
  </imsss:sequencing></item>
  <imsss:sequencing>
    <imsss:controlMode choice="true" choiceExit="true" flow="true" forwardOnly="false"/>
  </imsss:sequencing></item>
  <imsss:sequencing>
    <imsss:controlMode choice="true" choiceExit="true" flow="true" forwardOnly="false"/>
  </imsss:sequencing></item>
  <imsss:sequencing>
    <imsss:controlMode choice="true" choiceExit="true" flow="true" forwardOnly="false"/>
  </imsss:sequencing></item>
  <imsss:sequencing>
    <imsss:controlMode choice="true" choiceExit="true" flow="true" forwardOnly="false"/>
  </imsss:sequencing>  </organization>
</organizations>
<resources>
  <resource identifier="RES-eXegenti_test5c40b78024656a131d5" type="webcontent" adlcp:scormType="sco" href="index.html"> 
    <file href="index.html"/> 
    <file href="exe_html5.js"/>
    <dependency identifierref="COMMON_FILES"/>
  </resource>
  <resource identifier="RES-eXegenti_test5c40b78024656a131d8" type="webcontent" adlcp:scormType="sco" href="modulo_1__cos_lo_smart_working_e_com_interpretato_dalle_pubbliche_amministrazioni.html"> 
    <file href="modulo_1__cos_lo_smart_working_e_com_interpretato_dalle_pubbliche_amministrazioni.html"/> 
    <file href="exe_html5.js"/>
    <dependency identifierref="COMMON_FILES"/>
  </resource>
  <resource identifier="RES-eXegenti_test5c40b78024656a131db" type="webcontent" adlcp:scormType="sco" href="lezione_1__il_lavoro_agile_nella_pubblica_amministrazione_contesto_di_riferimento_nel_settore_pubblico_italiano_e_principali_iniziative_a_livello_nazionale_ed_europeo.html"> 
    <file href="lezione_1__il_lavoro_agile_nella_pubblica_amministrazione_contesto_di_riferimento_nel_settore_pubblico_italiano_e_principali_iniziative_a_livello_nazionale_ed_europeo.html"/> 
    <file href="exe_html5.js"/>
    <dependency identifierref="COMMON_FILES"/>
  </resource>
  <resource identifier="RES-eXegenti_test5c40b78024656a131de" type="webcontent" adlcp:scormType="sco" href="videolezione_1__il_lavoro_agile_nella_pubblica_amministrazione_parte_1.html"> 
    <file href="videolezione_1__il_lavoro_agile_nella_pubblica_amministrazione_parte_1.html"/> 
    <file href="exe_html5.js"/>
    <dependency identifierref="COMMON_FILES"/>
  </resource>
  <resource identifier="RES-eXegenti_test5c40b78024656a131d10" type="webcontent" adlcp:scormType="sco" href="test.html"> 
    <file href="test.html"/> 
    <file href="exe_html5.js"/>
    <file href="common.js"/>
    <dependency identifierref="COMMON_FILES"/>
  </resource>
  <resource identifier="RES-eXegenti_test5c40b78024656a131e13" type="webcontent" adlcp:scormType="sco" href="videolezione_1__il_lavoro_agile_nella_pubblica_amministrazione_parte_2.html"> 
    <file href="videolezione_1__il_lavoro_agile_nella_pubblica_amministrazione_parte_2.html"/> 
    <file href="exe_html5.js"/>
    <dependency identifierref="COMMON_FILES"/>
  </resource>
  <resource identifier="RES-eXegenti_test5c40b78024656a131e15" type="webcontent" adlcp:scormType="sco" href="test0.html"> 
    <file href="test0.html"/> 
    <file href="exe_html5.js"/>
    <file href="common.js"/>
    <dependency identifierref="COMMON_FILES"/>
  </resource>
  <resource identifier="RES-eXegenti_test5c40b78024656a131f18" type="webcontent" adlcp:scormType="sco" href="videolezione_1__il_lavoro_agile_nella_pubblica_amministrazione_parte_3.html"> 
    <file href="videolezione_1__il_lavoro_agile_nella_pubblica_amministrazione_parte_3.html"/> 
    <file href="exe_html5.js"/>
    <dependency identifierref="COMMON_FILES"/>
  </resource>
  <resource identifier="RES-eXegenti_test5c40b78024656a131f1a" type="webcontent" adlcp:scormType="sco" href="test1.html"> 
    <file href="test1.html"/> 
    <file href="exe_html5.js"/>
    <file href="common.js"/>
    <dependency identifierref="COMMON_FILES"/>
  </resource>
  <resource identifier="RES-eXegenti_test5c40b78024656a131f1d" type="webcontent" adlcp:scormType="sco" href="lezione_2__legge_812017_direttiva_n3_2017_il_contesto_normativo_che_disciplina_lo_smart_working.html"> 
    <file href="lezione_2__legge_812017_direttiva_n3_2017_il_contesto_normativo_che_disciplina_lo_smart_working.html"/> 
    <file href="exe_html5.js"/>
    <dependency identifierref="COMMON_FILES"/>
  </resource>
  <resource identifier="RES-eXegenti_test5c40b78024656a131f20" type="webcontent" adlcp:scormType="sco" href="videolezione_2__legge_812017_direttiva_n3_2017_parte_1.html"> 
    <file href="videolezione_2__legge_812017_direttiva_n3_2017_parte_1.html"/> 
    <file href="exe_html5.js"/>
    <dependency identifierref="COMMON_FILES"/>
  </resource>
  <resource identifier="RES-eXegenti_test5c40b78024656a131f22" type="webcontent" adlcp:scormType="sco" href="test2.html"> 
    <file href="test2.html"/> 
    <file href="exe_html5.js"/>
    <file href="common.js"/>
    <dependency identifierref="COMMON_FILES"/>
  </resource>
  <resource identifier="RES-eXegenti_test5c40b78024656a132025" type="webcontent" adlcp:scormType="sco" href="videolezione_2__legge_812017_direttiva_n3_2017_parte_2.html"> 
    <file href="videolezione_2__legge_812017_direttiva_n3_2017_parte_2.html"/> 
    <file href="exe_html5.js"/>
    <dependency identifierref="COMMON_FILES"/>
  </resource>
  <resource identifier="RES-eXegenti_test5c40b78024656a132027" type="webcontent" adlcp:scormType="sco" href="test3.html"> 
    <file href="test3.html"/> 
    <file href="exe_html5.js"/>
    <file href="common.js"/>
    <dependency identifierref="COMMON_FILES"/>
  </resource>
  <resource identifier="RES-eXegenti_test5c40b78024656a13212a" type="webcontent" adlcp:scormType="sco" href="modulo_2__i_benefici_del_lavoro_agile_a_livello_individuale_per_le_pubbliche_amministrazioni_e_dal_punto_di_vista_collettivo.html"> 
    <file href="modulo_2__i_benefici_del_lavoro_agile_a_livello_individuale_per_le_pubbliche_amministrazioni_e_dal_punto_di_vista_collettivo.html"/> 
    <file href="exe_html5.js"/>
    <dependency identifierref="COMMON_FILES"/>
  </resource>
  <resource identifier="RES-eXegenti_test5c40b78024656a13212d" type="webcontent" adlcp:scormType="sco" href="lezione_1__i_benefici_dello_smart_working_per_le_organizzazioni_e_le_pa_impatto_su_processi_e_nuovi_modelli_di_servizio_al_cittadino.html"> 
    <file href="lezione_1__i_benefici_dello_smart_working_per_le_organizzazioni_e_le_pa_impatto_su_processi_e_nuovi_modelli_di_servizio_al_cittadino.html"/> 
    <file href="exe_html5.js"/>
    <dependency identifierref="COMMON_FILES"/>
  </resource>
  <resource identifier="RES-eXegenti_test5c40b78024656a132130" type="webcontent" adlcp:scormType="sco" href="videolezione_1__i_benefici_dello_smart_working_per_le_organizzazioni_e_le_pa_parte_1.html"> 
    <file href="videolezione_1__i_benefici_dello_smart_working_per_le_organizzazioni_e_le_pa_parte_1.html"/> 
    <file href="exe_html5.js"/>
    <dependency identifierref="COMMON_FILES"/>
  </resource>
  <resource identifier="RES-eXegenti_test5c40b78024656a132132" type="webcontent" adlcp:scormType="sco" href="test4.html"> 
    <file href="test4.html"/> 
    <file href="exe_html5.js"/>
    <file href="common.js"/>
    <dependency identifierref="COMMON_FILES"/>
  </resource>
  <resource identifier="RES-eXegenti_test5c40b78024656a132235" type="webcontent" adlcp:scormType="sco" href="videolezione_1__i_benefici_dello_smart_working_per_le_organizzazioni_e_le_pa_parte_2.html"> 
    <file href="videolezione_1__i_benefici_dello_smart_working_per_le_organizzazioni_e_le_pa_parte_2.html"/> 
    <file href="exe_html5.js"/>
    <dependency identifierref="COMMON_FILES"/>
  </resource>
  <resource identifier="RES-eXegenti_test5c40b78024656a132237" type="webcontent" adlcp:scormType="sco" href="test5.html"> 
    <file href="test5.html"/> 
    <file href="exe_html5.js"/>
    <file href="common.js"/>
    <dependency identifierref="COMMON_FILES"/>
  </resource>
  <resource identifier="RES-eXegenti_test5c40b78024656a13233a" type="webcontent" adlcp:scormType="sco" href="lezione_2__i_benefici_dello_smart_working_per_il_benessere_delle_persone_la_collettivit_e_lorganizzazione_delle_citt.html"> 
    <file href="lezione_2__i_benefici_dello_smart_working_per_il_benessere_delle_persone_la_collettivit_e_lorganizzazione_delle_citt.html"/> 
    <file href="exe_html5.js"/>
    <dependency identifierref="COMMON_FILES"/>
  </resource>
  <resource identifier="RES-eXegenti_test5c40b78024656a13233d" type="webcontent" adlcp:scormType="sco" href="videolezione_2__i_benefici_dello_smart_working_per_il_benessere_delle_persone_la_collettivit_e_lorganizzazione_delle_citt.html"> 
    <file href="videolezione_2__i_benefici_dello_smart_working_per_il_benessere_delle_persone_la_collettivit_e_lorganizzazione_delle_citt.html"/> 
    <file href="exe_html5.js"/>
    <dependency identifierref="COMMON_FILES"/>
  </resource>
  <resource identifier="RES-eXegenti_test5c40b78024656a13233f" type="webcontent" adlcp:scormType="sco" href="test6.html"> 
    <file href="test6.html"/> 
    <file href="exe_html5.js"/>
    <file href="common.js"/>
    <dependency identifierref="COMMON_FILES"/>
  </resource>
  <resource identifier="RES-eXegenti_test5c40b78024656a132342" type="webcontent" adlcp:scormType="sco" href="modulo_3__le_dinamiche_allinterno_delle_organizzazioni_orientate_ai_risultati.html"> 
    <file href="modulo_3__le_dinamiche_allinterno_delle_organizzazioni_orientate_ai_risultati.html"/> 
    <file href="exe_html5.js"/>
    <dependency identifierref="COMMON_FILES"/>
  </resource>
  <resource identifier="RES-eXegenti_test5c40b78024656a132345" type="webcontent" adlcp:scormType="sco" href="lezione_1__gestione_per_obiettivi_e_valutazione_della_performance_come_cambia_il_ruolo_del_capo_nello_smart_working.html"> 
    <file href="lezione_1__gestione_per_obiettivi_e_valutazione_della_performance_come_cambia_il_ruolo_del_capo_nello_smart_working.html"/> 
    <file href="exe_html5.js"/>
    <dependency identifierref="COMMON_FILES"/>
  </resource>
  <resource identifier="RES-eXegenti_test5c40b78024656a132348" type="webcontent" adlcp:scormType="sco" href="videolezione_1__gestione_per_obiettivi_e_valutazione_della_performance_parte_1.html"> 
    <file href="videolezione_1__gestione_per_obiettivi_e_valutazione_della_performance_parte_1.html"/> 
    <file href="exe_html5.js"/>
    <dependency identifierref="COMMON_FILES"/>
  </resource>
  <resource identifier="RES-eXegenti_test5c40b78024656a13234a" type="webcontent" adlcp:scormType="sco" href="test7.html"> 
    <file href="test7.html"/> 
    <file href="exe_html5.js"/>
    <file href="common.js"/>
    <dependency identifierref="COMMON_FILES"/>
  </resource>
  <resource identifier="RES-eXegenti_test5c40b78024656a13244d" type="webcontent" adlcp:scormType="sco" href="videolezione_1__gestione_per_obiettivi_e_valutazione_della_performance_parte_2.html"> 
    <file href="videolezione_1__gestione_per_obiettivi_e_valutazione_della_performance_parte_2.html"/> 
    <file href="exe_html5.js"/>
    <dependency identifierref="COMMON_FILES"/>
  </resource>
  <resource identifier="RES-eXegenti_test5c40b78024656a13244f" type="webcontent" adlcp:scormType="sco" href="test8.html"> 
    <file href="test8.html"/> 
    <file href="exe_html5.js"/>
    <file href="common.js"/>
    <dependency identifierref="COMMON_FILES"/>
  </resource>
  <resource identifier="RES-eXegenti_test5c40b78024656a132552" type="webcontent" adlcp:scormType="sco" href="lezione_2__come_valutare_limpatto_dello_smart_working_su_processi_e_attivit.html"> 
    <file href="lezione_2__come_valutare_limpatto_dello_smart_working_su_processi_e_attivit.html"/> 
    <file href="exe_html5.js"/>
    <dependency identifierref="COMMON_FILES"/>
  </resource>
  <resource identifier="RES-eXegenti_test5c40b78024656a132555" type="webcontent" adlcp:scormType="sco" href="videolezione_2__come_valutare_limpatto_dello_smart_working_su_processi_e_attivit_parte_1.html"> 
    <file href="videolezione_2__come_valutare_limpatto_dello_smart_working_su_processi_e_attivit_parte_1.html"/> 
    <file href="exe_html5.js"/>
    <dependency identifierref="COMMON_FILES"/>
  </resource>
  <resource identifier="RES-eXegenti_test5c40b78024656a132557" type="webcontent" adlcp:scormType="sco" href="test9.html"> 
    <file href="test9.html"/> 
    <file href="exe_html5.js"/>
    <file href="common.js"/>
    <dependency identifierref="COMMON_FILES"/>
  </resource>
  <resource identifier="RES-eXegenti_test5c40b78024656a13265a" type="webcontent" adlcp:scormType="sco" href="videolezione_2__come_valutare_limpatto_dello_smart_working_su_processi_e_attivit_parte_2.html"> 
    <file href="videolezione_2__come_valutare_limpatto_dello_smart_working_su_processi_e_attivit_parte_2.html"/> 
    <file href="exe_html5.js"/>
    <dependency identifierref="COMMON_FILES"/>
  </resource>
  <resource identifier="RES-eXegenti_test5c40b78024656a13265c" type="webcontent" adlcp:scormType="sco" href="test10.html"> 
    <file href="test10.html"/> 
    <file href="exe_html5.js"/>
    <file href="common.js"/>
    <dependency identifierref="COMMON_FILES"/>
  </resource>
  <resource identifier="RES-eXegenti_test5c40b78024656a13275f" type="webcontent" adlcp:scormType="sco" href="modulo_4__smart_working_ed_evoluzione_dei_modelli_di_leadership.html"> 
    <file href="modulo_4__smart_working_ed_evoluzione_dei_modelli_di_leadership.html"/> 
    <file href="exe_html5.js"/>
    <dependency identifierref="COMMON_FILES"/>
  </resource>
  <resource identifier="RES-eXegenti_test5c40b78024656a132762" type="webcontent" adlcp:scormType="sco" href="lezione_1__il_ruolo_del_dirigente_per_supportare_lintroduzione_dello_smart_working.html"> 
    <file href="lezione_1__il_ruolo_del_dirigente_per_supportare_lintroduzione_dello_smart_working.html"/> 
    <file href="exe_html5.js"/>
    <dependency identifierref="COMMON_FILES"/>
  </resource>
  <resource identifier="RES-eXegenti_test5c40b78024656a132765" type="webcontent" adlcp:scormType="sco" href="videolezione_1__il_ruolo_del_dirigente_per_supportare_lintroduzione_dello_smart_working.html"> 
    <file href="videolezione_1__il_ruolo_del_dirigente_per_supportare_lintroduzione_dello_smart_working.html"/> 
    <file href="exe_html5.js"/>
    <dependency identifierref="COMMON_FILES"/>
  </resource>
  <resource identifier="RES-eXegenti_test5c40b78024656a132767" type="webcontent" adlcp:scormType="sco" href="test11.html"> 
    <file href="test11.html"/> 
    <file href="exe_html5.js"/>
    <file href="common.js"/>
    <dependency identifierref="COMMON_FILES"/>
  </resource>
  <resource identifier="RES-eXegenti_test5c40b78024656a13286a" type="webcontent" adlcp:scormType="sco" href="lezione_2__limpatto_dello_smart_working_sullevoluzione_dei_modelli_culturali_e_organizzativi.html"> 
    <file href="lezione_2__limpatto_dello_smart_working_sullevoluzione_dei_modelli_culturali_e_organizzativi.html"/> 
    <file href="exe_html5.js"/>
    <dependency identifierref="COMMON_FILES"/>
  </resource>
  <resource identifier="RES-eXegenti_test5c40b78024656a13286d" type="webcontent" adlcp:scormType="sco" href="videolezione_2__limpatto_dello_smart_working_sullevoluzione_dei_modelli_culturali_e_organizzativi_parte_1.html"> 
    <file href="videolezione_2__limpatto_dello_smart_working_sullevoluzione_dei_modelli_culturali_e_organizzativi_parte_1.html"/> 
    <file href="exe_html5.js"/>
    <dependency identifierref="COMMON_FILES"/>
  </resource>
  <resource identifier="RES-eXegenti_test5c40b78024656a13286f" type="webcontent" adlcp:scormType="sco" href="test12.html"> 
    <file href="test12.html"/> 
    <file href="exe_html5.js"/>
    <file href="common.js"/>
    <dependency identifierref="COMMON_FILES"/>
  </resource>
  <resource identifier="RES-eXegenti_test5c40b78024656a132872" type="webcontent" adlcp:scormType="sco" href="videolezione_2__limpatto_dello_smart_working_sullevoluzione_dei_modelli_culturali_e_organizzativi_parte_2.html"> 
    <file href="videolezione_2__limpatto_dello_smart_working_sullevoluzione_dei_modelli_culturali_e_organizzativi_parte_2.html"/> 
    <file href="exe_html5.js"/>
    <dependency identifierref="COMMON_FILES"/>
  </resource>
  <resource identifier="RES-eXegenti_test5c40b78024656a132974" type="webcontent" adlcp:scormType="sco" href="test13.html"> 
    <file href="test13.html"/> 
    <file href="exe_html5.js"/>
    <file href="common.js"/>
    <dependency identifierref="COMMON_FILES"/>
  </resource>
  <resource identifier="COMMON_FILES" type="webcontent" adlcp:scormType="asset">
    <file href="config.xml"/>
    <file href="content.css"/>
    <file href="icon_activity.gif"/>
    <file href="icon_assess.gif"/>
    <file href="icon_assignment.gif"/>
    <file href="icon_attention.gif"/>
    <file href="icon_calc.gif"/>
    <file href="icon_casestudy.gif"/>
    <file href="icon_define.gif"/>
    <file href="icon_diagnosis.gif"/>
    <file href="icon_discussion.gif"/>
    <file href="icon_experiment.gif"/>
    <file href="icon_e_gloss.gif"/>
    <file href="icon_e_journal.gif"/>
    <file href="icon_gallery.gif"/>
    <file href="icon_generic.gif"/>
    <file href="icon_inter.gif"/>
    <file href="icon_key_points.gif"/>
    <file href="icon_multimedia.gif"/>
    <file href="icon_objectives.gif"/>
    <file href="icon_preknowledge.gif"/>
    <file href="icon_present.gif"/>
    <file href="icon_question.gif"/>
    <file href="icon_reading.gif"/>
    <file href="icon_reflection.gif"/>
    <file href="icon_review.gif"/>
    <file href="icon_summary.gif"/>
    <file href="icon_synthesis.gif"/>
    <file href="icon_technology.gif"/>
    <file href="icon_time.gif"/>
    <file href="icon_web_resource.gif"/>
    <file href="my_header.jpg"/>
    <file href="my_header_fullscreen.jpg"/>
    <file href="my_hide_show.png"/>
    <file href="my_ims_header.jpg"/>
    <file href="my_js.js"/>
    <file href="my_list.gif"/>
    <file href="my_logo.jpg"/>
    <file href="my_nav_arrow.gif"/>
    <file href="nav.css"/>
    <file href="base.css"/>
    <file href="popup_bg.gif"/>
    <file href="SCORM_API_wrapper.js"/>
    <file href="SCOFunctions.js"/>
    <file href="common.js"/>
    <file href="common_i18n.js"/>
    <file href="exe_jquery.js"/>
  </resource>
</resources>
</manifest>
