<?xml version="1.0" encoding="UTF-8"?>
<!-- Generated by eXe - http://exelearning.net -->
<manifest identifier="eXesmart_test5c40b78024656a066d1" 
xmlns:xsi="http://www.w3.org/2001/XMLSchema-instance" 
xmlns:adlcp="http://www.adlnet.org/xsd/adlcp_v1p3" 
xmlns:adlseq="http://www.adlnet.org/xsd/adlseq_v1p3" 
xmlns:adlnav="http://www.adlnet.org/xsd/adlnav_v1p3" 
xmlns:imsss="http://www.imsglobal.org/xsd/imsss" 
xmlns:lom="http://ltsc.ieee.org/xsd/LOM" 
xmlns:lomes="http://ltsc.ieee.org/xsd/LOM" 
xmlns="http://www.imsglobal.org/xsd/imscp_v1p1" 
xsi:schemaLocation="http://www.imsglobal.org/xsd/imscp_v1p1 imscp_v1p1.xsd http://ltsc.ieee.org/xsd/LOM lomCustom.xsd http://www.adlnet.org/xsd/adlcp_v1p3 adlcp_v1p3.xsd  http://www.imsglobal.org/xsd/imsss imsss_v1p0.xsd  http://www.adlnet.org/xsd/adlseq_v1p3 adlseq_v1p3.xsd http://www.adlnet.org/xsd/adlnav_v1p3 adlnav_v1p3.xsd"> 
<metadata> 
 <schema>ADL SCORM</schema> 
 <schemaversion>2004 3rd Edition</schemaversion> 
 <adlcp:location>imslrm.xml</adlcp:location> 
</metadata> 
<organizations default="eXesmart_test5c40b78024656a066d2">  
    <organization identifier="eXesmart_test5c40b78024656a066d2" structure="hierarchical">
        <title>Smart Working VeLA - Lavorare Smart</title>
<item identifier="ITEM-eXesmart_test5c40b78024656a066d3" isvisible="true">
    <title>Lavorare Smart</title>
<item identifier="ITEM-eXesmart_test5c40b78024656a066d4" isvisible="true" identifierref="RES-eXesmart_test5c40b78024656a066d5">
    <title>&lt;-</title>
</item>
<item identifier="ITEM-eXesmart_test5c40b78024656a066d6" isvisible="true">
    <title>Principi e approcci dello smart working</title>
<item identifier="ITEM-eXesmart_test5c40b78024656a066d7" isvisible="true" identifierref="RES-eXesmart_test5c40b78024656a066d8">
    <title>&lt;-</title>
</item>
<item identifier="ITEM-eXesmart_test5c40b78024656a066d9" isvisible="true" identifierref="RES-eXesmart_test5c40b78024656a066da">
    <title>Test</title>
</item>
  <imsss:sequencing>
    <imsss:controlMode choice="true" choiceExit="true" flow="true" forwardOnly="false"/>
  </imsss:sequencing></item>
<item identifier="ITEM-eXesmart_test5c40b78024656a066eb" isvisible="true">
    <title>Falsi miti e difficoltà reali dello Smart Working</title>
<item identifier="ITEM-eXesmart_test5c40b78024656a066ec" isvisible="true" identifierref="RES-eXesmart_test5c40b78024656a066ed">
    <title>&lt;-</title>
</item>
<item identifier="ITEM-eXesmart_test5c40b78024656a066ee" isvisible="true" identifierref="RES-eXesmart_test5c40b78024656a066ef">
    <title>Test</title>
</item>
  <imsss:sequencing>
    <imsss:controlMode choice="true" choiceExit="true" flow="true" forwardOnly="false"/>
  </imsss:sequencing></item>
<item identifier="ITEM-eXesmart_test5c40b78024656a066f10" isvisible="true">
    <title>Una giornata di lavoro da Remoto: Consigli per lavorare da remoto</title>
<item identifier="ITEM-eXesmart_test5c40b78024656a066f11" isvisible="true" identifierref="RES-eXesmart_test5c40b78024656a066f12">
    <title>&lt;-</title>
</item>
<item identifier="ITEM-eXesmart_test5c40b78024656a066f13" isvisible="true" identifierref="RES-eXesmart_test5c40b78024656a066f14">
    <title>Test</title>
</item>
  <imsss:sequencing>
    <imsss:controlMode choice="true" choiceExit="true" flow="true" forwardOnly="false"/>
  </imsss:sequencing></item>
<item identifier="ITEM-eXesmart_test5c40b78024656a067015" isvisible="true">
    <title>Una giornata di lavoro da remoto: salute e sicurezza</title>
<item identifier="ITEM-eXesmart_test5c40b78024656a067016" isvisible="true" identifierref="RES-eXesmart_test5c40b78024656a067017">
    <title>&lt;-</title>
</item>
<item identifier="ITEM-eXesmart_test5c40b78024656a067018" isvisible="true" identifierref="RES-eXesmart_test5c40b78024656a067019">
    <title>Test</title>
</item>
  <imsss:sequencing>
    <imsss:controlMode choice="true" choiceExit="true" flow="true" forwardOnly="false"/>
  </imsss:sequencing></item>
<item identifier="ITEM-eXesmart_test5c40b78024656a06701a" isvisible="true">
    <title>Differenti spazi per differenti esigenze lavorative</title>
<item identifier="ITEM-eXesmart_test5c40b78024656a06701b" isvisible="true" identifierref="RES-eXesmart_test5c40b78024656a06701c">
    <title>&lt;-</title>
</item>
<item identifier="ITEM-eXesmart_test5c40b78024656a06701d" isvisible="true" identifierref="RES-eXesmart_test5c40b78024656a06701e">
    <title>Test</title>
</item>
  <imsss:sequencing>
    <imsss:controlMode choice="true" choiceExit="true" flow="true" forwardOnly="false"/>
  </imsss:sequencing></item>
<item identifier="ITEM-eXesmart_test5c40b78024656a06711f" isvisible="true">
    <title>Lavorare per obiettivi e risultati</title>
<item identifier="ITEM-eXesmart_test5c40b78024656a067120" isvisible="true" identifierref="RES-eXesmart_test5c40b78024656a067121">
    <title>&lt;-</title>
</item>
<item identifier="ITEM-eXesmart_test5c40b78024656a067122" isvisible="true" identifierref="RES-eXesmart_test5c40b78024656a067123">
    <title>Test</title>
</item>
  <imsss:sequencing>
    <imsss:controlMode choice="true" choiceExit="true" flow="true" forwardOnly="false"/>
  </imsss:sequencing></item>
<item identifier="ITEM-eXesmart_test5c40b78024656a067224" isvisible="true">
    <title>Collaborare e comunicare attraverso gli strumenti digitali</title>
<item identifier="ITEM-eXesmart_test5c40b78024656a067225" isvisible="true" identifierref="RES-eXesmart_test5c40b78024656a067226">
    <title>&lt;-</title>
</item>
<item identifier="ITEM-eXesmart_test5c40b78024656a067227" isvisible="true" identifierref="RES-eXesmart_test5c40b78024656a067228">
    <title>Test</title>
</item>
  <imsss:sequencing>
    <imsss:controlMode choice="true" choiceExit="true" flow="true" forwardOnly="false"/>
  </imsss:sequencing></item>
<item identifier="ITEM-eXesmart_test5c40b78024656a067329" isvisible="true">
    <title>Sappiamo gestire una riunione in modo Smart?</title>
<item identifier="ITEM-eXesmart_test5c40b78024656a06732a" isvisible="true" identifierref="RES-eXesmart_test5c40b78024656a06732b">
    <title>&lt;-</title>
</item>
<item identifier="ITEM-eXesmart_test5c40b78024656a06732c" isvisible="true" identifierref="RES-eXesmart_test5c40b78024656a06732d">
    <title>Test</title>
</item>
  <imsss:sequencing>
    <imsss:controlMode choice="true" choiceExit="true" flow="true" forwardOnly="false"/>
  </imsss:sequencing></item>
  <imsss:sequencing>
    <imsss:controlMode choice="true" choiceExit="true" flow="true" forwardOnly="false"/>
  </imsss:sequencing></item>
  <imsss:sequencing>
    <imsss:controlMode choice="true" choiceExit="true" flow="true" forwardOnly="false"/>
  </imsss:sequencing>  </organization>
</organizations>
<resources>
  <resource identifier="RES-eXesmart_test5c40b78024656a066d5" type="webcontent" adlcp:scormType="sco" href="index.html"> 
    <file href="index.html"/> 
    <file href="exe_html5.js"/>
    <dependency identifierref="COMMON_FILES"/>
  </resource>
  <resource identifier="RES-eXesmart_test5c40b78024656a066d8" type="webcontent" adlcp:scormType="sco" href="principi_e_approcci_dello_smart_working.html"> 
    <file href="principi_e_approcci_dello_smart_working.html"/> 
    <file href="exe_html5.js"/>
    <dependency identifierref="COMMON_FILES"/>
  </resource>
  <resource identifier="RES-eXesmart_test5c40b78024656a066da" type="webcontent" adlcp:scormType="sco" href="test.html"> 
    <file href="test.html"/> 
    <file href="exe_html5.js"/>
    <file href="common.js"/>
    <dependency identifierref="COMMON_FILES"/>
  </resource>
  <resource identifier="RES-eXesmart_test5c40b78024656a066ed" type="webcontent" adlcp:scormType="sco" href="falsi_miti_e_difficolt_reali_dello_smart_working.html"> 
    <file href="falsi_miti_e_difficolt_reali_dello_smart_working.html"/> 
    <file href="exe_html5.js"/>
    <dependency identifierref="COMMON_FILES"/>
  </resource>
  <resource identifier="RES-eXesmart_test5c40b78024656a066ef" type="webcontent" adlcp:scormType="sco" href="test0.html"> 
    <file href="test0.html"/> 
    <file href="exe_html5.js"/>
    <file href="common.js"/>
    <dependency identifierref="COMMON_FILES"/>
  </resource>
  <resource identifier="RES-eXesmart_test5c40b78024656a066f12" type="webcontent" adlcp:scormType="sco" href="una_giornata_di_lavoro_da_remoto_consigli_per_lavorare_da_remoto.html"> 
    <file href="una_giornata_di_lavoro_da_remoto_consigli_per_lavorare_da_remoto.html"/> 
    <file href="exe_html5.js"/>
    <dependency identifierref="COMMON_FILES"/>
  </resource>
  <resource identifier="RES-eXesmart_test5c40b78024656a066f14" type="webcontent" adlcp:scormType="sco" href="test1.html"> 
    <file href="test1.html"/> 
    <file href="exe_html5.js"/>
    <file href="common.js"/>
    <dependency identifierref="COMMON_FILES"/>
  </resource>
  <resource identifier="RES-eXesmart_test5c40b78024656a067017" type="webcontent" adlcp:scormType="sco" href="una_giornata_di_lavoro_da_remoto_salute_e_sicurezza.html"> 
    <file href="una_giornata_di_lavoro_da_remoto_salute_e_sicurezza.html"/> 
    <file href="exe_html5.js"/>
    <dependency identifierref="COMMON_FILES"/>
  </resource>
  <resource identifier="RES-eXesmart_test5c40b78024656a067019" type="webcontent" adlcp:scormType="sco" href="test2.html"> 
    <file href="test2.html"/> 
    <file href="exe_html5.js"/>
    <file href="common.js"/>
    <dependency identifierref="COMMON_FILES"/>
  </resource>
  <resource identifier="RES-eXesmart_test5c40b78024656a06701c" type="webcontent" adlcp:scormType="sco" href="differenti_spazi_per_differenti_esigenze_lavorative.html"> 
    <file href="differenti_spazi_per_differenti_esigenze_lavorative.html"/> 
    <file href="exe_html5.js"/>
    <dependency identifierref="COMMON_FILES"/>
  </resource>
  <resource identifier="RES-eXesmart_test5c40b78024656a06701e" type="webcontent" adlcp:scormType="sco" href="test3.html"> 
    <file href="test3.html"/> 
    <file href="exe_html5.js"/>
    <file href="common.js"/>
    <dependency identifierref="COMMON_FILES"/>
  </resource>
  <resource identifier="RES-eXesmart_test5c40b78024656a067121" type="webcontent" adlcp:scormType="sco" href="lavorare_per_obiettivi_e_risultati.html"> 
    <file href="lavorare_per_obiettivi_e_risultati.html"/> 
    <file href="exe_html5.js"/>
    <dependency identifierref="COMMON_FILES"/>
  </resource>
  <resource identifier="RES-eXesmart_test5c40b78024656a067123" type="webcontent" adlcp:scormType="sco" href="test4.html"> 
    <file href="test4.html"/> 
    <file href="exe_html5.js"/>
    <file href="common.js"/>
    <dependency identifierref="COMMON_FILES"/>
  </resource>
  <resource identifier="RES-eXesmart_test5c40b78024656a067226" type="webcontent" adlcp:scormType="sco" href="collaborare_e_comunicare_attraverso_gli_strumenti_digitali.html"> 
    <file href="collaborare_e_comunicare_attraverso_gli_strumenti_digitali.html"/> 
    <file href="exe_html5.js"/>
    <dependency identifierref="COMMON_FILES"/>
  </resource>
  <resource identifier="RES-eXesmart_test5c40b78024656a067228" type="webcontent" adlcp:scormType="sco" href="test5.html"> 
    <file href="test5.html"/> 
    <file href="exe_html5.js"/>
    <file href="common.js"/>
    <dependency identifierref="COMMON_FILES"/>
  </resource>
  <resource identifier="RES-eXesmart_test5c40b78024656a06732b" type="webcontent" adlcp:scormType="sco" href="sappiamo_gestire_una_riunione_in_modo_smart.html"> 
    <file href="sappiamo_gestire_una_riunione_in_modo_smart.html"/> 
    <file href="exe_html5.js"/>
    <dependency identifierref="COMMON_FILES"/>
  </resource>
  <resource identifier="RES-eXesmart_test5c40b78024656a06732d" type="webcontent" adlcp:scormType="sco" href="test6.html"> 
    <file href="test6.html"/> 
    <file href="exe_html5.js"/>
    <file href="common.js"/>
    <dependency identifierref="COMMON_FILES"/>
  </resource>
  <resource identifier="COMMON_FILES" type="webcontent" adlcp:scormType="asset">
    <file href="config.xml"/>
    <file href="content.css"/>
    <file href="icon_activity.gif"/>
    <file href="icon_assess.gif"/>
    <file href="icon_assignment.gif"/>
    <file href="icon_attention.gif"/>
    <file href="icon_calc.gif"/>
    <file href="icon_casestudy.gif"/>
    <file href="icon_define.gif"/>
    <file href="icon_diagnosis.gif"/>
    <file href="icon_discussion.gif"/>
    <file href="icon_experiment.gif"/>
    <file href="icon_e_gloss.gif"/>
    <file href="icon_e_journal.gif"/>
    <file href="icon_gallery.gif"/>
    <file href="icon_generic.gif"/>
    <file href="icon_inter.gif"/>
    <file href="icon_key_points.gif"/>
    <file href="icon_multimedia.gif"/>
    <file href="icon_objectives.gif"/>
    <file href="icon_preknowledge.gif"/>
    <file href="icon_present.gif"/>
    <file href="icon_question.gif"/>
    <file href="icon_reading.gif"/>
    <file href="icon_reflection.gif"/>
    <file href="icon_review.gif"/>
    <file href="icon_summary.gif"/>
    <file href="icon_synthesis.gif"/>
    <file href="icon_technology.gif"/>
    <file href="icon_time.gif"/>
    <file href="icon_web_resource.gif"/>
    <file href="my_header.jpg"/>
    <file href="my_header_fullscreen.jpg"/>
    <file href="my_hide_show.png"/>
    <file href="my_ims_header.jpg"/>
    <file href="my_js.js"/>
    <file href="my_list.gif"/>
    <file href="my_logo.jpg"/>
    <file href="my_nav_arrow.gif"/>
    <file href="nav.css"/>
    <file href="base.css"/>
    <file href="popup_bg.gif"/>
    <file href="SCORM_API_wrapper.js"/>
    <file href="SCOFunctions.js"/>
    <file href="common.js"/>
    <file href="common_i18n.js"/>
    <file href="exe_jquery.js"/>
  </resource>
</resources>
</manifest>
